-- Your SQL goes here

INSERT  INTO SC_TB
    (
    TB_ID,DESCR
    ,STATUS,CREATED_DATE)
VALUES
    (1, 'RUMAH', 'Y', '2019-05-24 16:02:29'),
    (2, 'KOST/KONTRAKAN', 'Y', '2019-05-24 16:02:40');

INSERT  INTO SC_TD
    (
    TD_ID,TB_ID
    ,DESCR,STATUS,CREATED_DATE)
VALUES
    (1, 1, 'DINDING TEMBOK/KAYU BAGUS', 'Y', '2019-05-24 16:05:05'),
    (2, 1, 'KAYU PAPAN', 'Y', '2019-05-24 16:05:17');

INSERT  INTO SC_TDB
    (
    TDB_ID,
    TB_ID,
    DESCR,STATUS
    ,CREATED_DATE
    )
VALUES
    (1, 1, '1 LANTAI/PANGGUNG', 'Y', '2019-05-24 16:09:06'),
    (2, 1, '2 LANTAI ATAU LEBIH', 'Y', '2019-05-24 16:04:00'),
    (3, 2, 'KOST/KONTRAKAN (METERAN MASING-MASING KAMAR)', 'Y', '2019-05-24 16:04:04'),
    (4, 2, 'KOST/KONTRAKAN (METERAN DI SATU RUMAH)', 'Y', '2019-05-24 16:04:29');

INSERT  INTO SC_ELC
    (
    EC_ID,TB_ID
    ,TDB_ID,DESCR,STATUS,CREATED_DATE)
VALUES
    (1, 1, 1, '450 WATT', 'Y', '2019-05-24 16:10:41'),
    (1, 1, 2, '450 WATT', 'Y', '2019-05-24 16:16:48'),
    (2, 1, 1, '900 WATT', 'Y', '2019-05-24 16:10:52'),
    (2, 1, 2, '900 WATT', 'Y', '2019-05-24 16:13:38'),
    (3, 1, 1, '1300 WATT', 'Y', '2019-05-24 16:11:03'),
    (3, 1, 2, '1300 WATT', 'Y', '2019-05-24 16:14:06'),
    (4, 1, 1, '2200 WATT', 'Y', '2019-05-24 16:11:21'),
    (4, 1, 2, '2200 WATT', 'Y', '2019-05-24 16:14:16'),
    (5, 1, 1, '>= 3500 WATT', 'Y', '2019-05-24 16:11:35'),
    (5, 1, 2, '>= 3500 WATT', 'Y', '2019-05-24 16:14:28'),
    (6, 2, 3, '450 WATT', 'Y', '2019-05-24 16:14:46'),
    (7, 2, 3, '900 WATT', 'Y', '2019-05-24 16:15:03'),
    (8, 2, 3, '>= 1300 WATT', 'Y', '2019-05-24 16:15:10'),
    (9, 2, 4, '<= 900 WATT', 'Y', '2019-05-24 16:15:33'),
    (10, 2, 4, '>= 1300 WATT', 'Y', '2019-05-24 16:15:48');

INSERT  INTO SC_SCORE
    (
    TB_ID,EC_ID
    ,TD_ID,TDB_ID,SCORE,SEC,STATUS,CREATED_DATE)
VALUES
    (1, 2, 1, 1, 30, 'C2', 'Y', '2019-05-24 16:23:12'),
    (1, 2, 1, 2, 35, 'C2', 'Y', '2019-05-24 16:23:12'),
    (1, 2, 2, 1, 40, 'C1', 'Y', '2019-05-24 16:23:12'),
    (1, 2, 2, 2, 45, 'C1', 'Y', '2019-05-24 16:23:12'),
    (1, 3, 1, 1, 50, 'C1', 'Y', '2019-05-24 16:23:12'),
    (1, 3, 1, 2, 55, 'C1', 'Y', '2019-05-24 16:23:12'),
    (1, 3, 2, 1, 60, 'B', 'Y', '2019-05-24 16:23:12'),
    (1, 3, 2, 2, 65, 'B', 'Y', '2019-05-24 16:23:12'),
    (1, 4, 1, 1, 65, 'B', 'Y', '2019-05-24 16:23:12'),
    (1, 4, 1, 2, 70, 'B', 'Y', '2019-05-24 16:23:12'),
    (1, 4, 2, 1, 75, 'B', 'Y', '2019-05-24 16:23:12'),
    (1, 4, 2, 2, 80, 'A', 'Y', '2019-05-24 16:23:12'),
    (1, 5, 1, 1, 80, 'A', 'Y', '2019-05-24 16:23:12'),
    (1, 5, 1, 2, 85, 'A', 'Y', '2019-05-24 16:23:12'),
    (1, 5, 2, 1, 90, 'A', 'Y', '2019-05-24 16:23:12'),
    (1, 5, 2, 2, 95, 'A', 'Y', '2019-05-24 16:23:12'),
    (2, 6, NULL, 3, 1, 'KOST/KONTRAKAN (meteran masing masing kamar) 450 KWH', 'Y', '2019-05-24 16:23:12'),
    (2, 7, NULL, 3, 2, 'KOST/KONTRAKAN (meteran masing masing kamar) 900 KWH', 'Y', '2019-05-24 16:23:12'),
    (2, 8, NULL, 3, 3, 'KOST/KONTRAKAN (meteran masing masing kamar) ≥1300 KWH', 'Y', NULL),
    (2, 9, NULL, 4, 4, 'KOST/KONTRAKAN (meteran di satu 1) ≤900 KWH', 'Y', '2019-05-24 16:23:12'),
    (2, 10, NULL, 4, 5, 'KOST/KONTRAKAN (meteran di satu 1) ≤900 KWH', 'Y', '2019-05-24 16:23:12');

INSERT  INTO SC_MAPPING_PRODUCT
    (
    PRODUCT_ID,PRODUCT_NAME
    ,BILL_FREQ,PROMO_ID,PROMO_CODE,PROMO_DESCR,CREATED_DATE)
VALUES
    (371, 'Family Pack', 3, 286, 'FAMPACKREGAP3', 'Promo New Subs Family Pack, Bayar iuran 3 bulan dimuka, biaya pasang 100K, Free OAC di bulan ke-1, Free KIDS Pack bulan 2,3, Booster belakang setelah otorisasi 50rb', NULL),
    (372, 'Starter Pack', 3, 282, 'STARPACKREGAP3', 'Promo New Subs Starter Pack, Bayar iuran 3 bulan dimuka, biaya pasang 100K, Free KIDS Pack di bulan ke-1, Booster belakang setelah otorisasi 50rb', NULL),
    (371, 'Family Pack', 1, 285, 'FAMPACKREGAP1', 'Promo New Subs Family Pack, Bayar iuran bulanan, biaya pasang 100K, Booster belakang setelah otorisasi 50rb', NULL),
    (372, 'Starter Pack', 1, 281, 'STARPACKREGAP1', 'Promo New Subs Starter Pack, Bayar iuran bulanan, biaya pasang 100K,  Booster belakang setelah otorisasi 50rb', NULL),
    (372, 'Starter Pack', 6, 283, 'STARPACKREGAP6', 'Promo New Subs Starter Pack, Bayar iuran 5 bulan dimuka, Free iuran basic di bulan ke-6, Free biaya pasang, Free OAC di bulan ke-1, Free KIDS Pack di bulan ke-2, Booster belakang setelah otorisasi 75rb', NULL),
    (371, 'Family Pack', 6, 287, 'FAMPACKREGAP6', 'Promo New Subs Family Pack, Bayar iuran 5 bulan dimuka, Free iuran basic di bulan ke-6, Free biaya pasang, Free OAC di bulan ke-1, Free KIDS Pack di bulan ke-2,3,4, Booster belakang setelah otorisasi 75rb', NULL),
    (373, 'Jual Putus', 12, 227, 'JPFOR918', 'JUAL PUTUS FTA FOREVER, FREE BP, HARGA 950.000, MNC CHANNEL 1 TAHUN, INSENTIF 50K, FREE SPORTS DAN BEIN 1,2,3 1 TAHUN', NULL),
    (372, 'Starter Pack', 12, 284, 'STARPACKREGAP12', 'Promo New Subs Starter Pack, Bayar iuran 9 bulan dimuka, Free iuran basic di bulan ke-10,11,12, Free biaya pasang, Free OAC di bulan ke-1, Free KIDS Pack di bulan ke-2, Booster belakang setelah otorisasi 150rb', NULL),
    (371, 'Family Pack', 12, 288, 'FAMPACKREGAP12', 'Promo New Subs Family Pack, Bayar iuran 9 bulan dimuka, Free iuran basic di bulan ke-10,11,12, Free biaya pasang, Free OAC di bulan ke-1, Free KIDS Pack di bulan ke-2,3,4,5, Booster belakang setelah otorisasi 150rb', NULL);


INSERT INTO SC_MATRIX
    (
    PROD_SLS,BF_PROD_SLS
    ,ADDON_SLS,MIN_BF_ADDON_SLS,SCORE,REGION,PROD_TS,BF_PROD_TS,ADDON_TS,BF_ADDON_TS,CREATED_DATE)
VALUES
    (371, 1, '', NULL, 10, 'JABODETABEK', 373, 12, '', NULL, NULL),
    (371, 1, '', NULL, 15, 'JABODETABEK', 371, 12, '', NULL, NULL),
    (371, 1, '', NULL, 15, 'JABODETABEK', 372, 12, 'Y', 12, NULL),
    (371, 1, '', NULL, 20, 'JABODETABEK', 373, 12, '', NULL, NULL),
    (371, 1, '', NULL, 20, 'JABODETABEK', 371, 12, '', NULL, NULL),
    (371, 1, '', NULL, 20, 'JABODETABEK', 372, 12, 'Y', 12, NULL),
    (371, 1, '', NULL, 25, 'JABODETABEK', 373, 12, '', NULL, NULL),
    (371, 1, '', NULL, 25, 'JABODETABEK', 371, 12, '', NULL, NULL),
    (371, 1, '', NULL, 25, 'JABODETABEK', 372, 12, 'Y', 12, NULL),
    (371, 1, '', NULL, 1, 'JABODETABEK', 371, 3, '', NULL, NULL),
    (371, 1, '', NULL, 1, 'JABODETABEK', 372, 3, 'Y', 3, NULL),
    (371, 1, '', NULL, 1, 'JABODETABEK', 373, 12, '', NULL, NULL),
    (371, 1, '', NULL, 2, 'JABODETABEK', 371, 3, '', NULL, NULL),
    (371, 1, '', NULL, 2, 'JABODETABEK', 372, 3, 'Y', 3, NULL),
    (371, 1, '', NULL, 2, 'JABODETABEK', 373, 12, '', NULL, NULL),
    (371, 1, '', NULL, 3, 'JABODETABEK', 371, 3, '', NULL, NULL),
    (371, 1, '', NULL, 3, 'JABODETABEK', 372, 3, 'Y', 3, NULL),
    (371, 1, '', NULL, 3, 'JABODETABEK', 373, 12, '', NULL, NULL),
    (371, 1, '', NULL, 4, 'JABODETABEK', 371, 12, '', NULL, NULL),
    (371, 1, '', NULL, 4, 'JABODETABEK', 372, 12, 'Y', 12, NULL),
    (371, 1, '', NULL, 4, 'JABODETABEK', 373, 12, '', NULL, NULL),
    (371, 1, '', NULL, 5, 'JABODETABEK', 371, 12, '', NULL, NULL),
    (371, 1, '', NULL, 5, 'JABODETABEK', 372, 12, 'Y', 12, NULL),
    (371, 1, '', NULL, 5, 'JABODETABEK', 373, 12, '', NULL, NULL),
    (371, 3, '', NULL, 10, 'JABODETABEK', 373, 12, '', NULL, NULL),
    (371, 3, '', NULL, 10, 'JABODETABEK', 371, 12, '', NULL, NULL),
    (371, 3, '', NULL, 10, 'JABODETABEK', 372, 12, 'Y', 12, NULL),
    (371, 3, '', NULL, 15, 'JABODETABEK', 373, 12, '', NULL, NULL),
    (371, 3, '', NULL, 15, 'JABODETABEK', 371, 12, '', NULL, NULL),
    (371, 3, '', NULL, 15, 'JABODETABEK', 372, 12, 'Y', 12, NULL),
    (371, 3, '', NULL, 20, 'JABODETABEK', 373, 12, '', NULL, NULL),
    (371, 3, '', NULL, 20, 'JABODETABEK', 371, 12, '', NULL, NULL),
    (371, 3, '', NULL, 20, 'JABODETABEK', 372, 12, 'Y', 12, NULL),
    (371, 3, '', NULL, 25, 'JABODETABEK', 373, 12, '', NULL, NULL),
    (371, 3, '', NULL, 25, 'JABODETABEK', 371, 12, '', NULL, NULL),
    (371, 3, '', NULL, 25, 'JABODETABEK', 372, 12, 'Y', 12, NULL),
    (371, 3, '', NULL, 4, 'JABODETABEK', 371, 12, '', NULL, NULL),
    (371, 3, '', NULL, 4, 'JABODETABEK', 372, 12, 'Y', 12, NULL),
    (371, 3, '', NULL, 4, 'JABODETABEK', 373, 12, '', NULL, NULL),
    (371, 3, '', NULL, 5, 'JABODETABEK', 371, 12, '', NULL, NULL),
    (371, 3, '', NULL, 5, 'JABODETABEK', 372, 12, 'Y', 12, NULL),
    (371, 3, '', NULL, 5, 'JABODETABEK', 373, 12, '', NULL, NULL),
    (371, 6, '', NULL, 10, 'JABODETABEK', 373, 12, '', NULL, NULL),
    (371, 6, '', NULL, 10, 'JABODETABEK', 371, 12, '', NULL, NULL),
    (371, 6, '', NULL, 10, 'JABODETABEK', 372, 12, 'Y', 12, NULL),
    (371, 6, '', NULL, 15, 'JABODETABEK', 373, 12, '', NULL, NULL),
    (371, 6, '', NULL, 15, 'JABODETABEK', 371, 12, '', NULL, NULL),
    (371, 6, '', NULL, 15, 'JABODETABEK', 372, 12, 'Y', 12, NULL),
    (371, 6, '', NULL, 20, 'JABODETABEK', 373, 12, '', NULL, NULL),
    (371, 6, '', NULL, 20, 'JABODETABEK', 371, 12, '', NULL, NULL),
    (371, 6, '', NULL, 20, 'JABODETABEK', 372, 12, 'Y', 12, NULL),
    (371, 6, '', NULL, 25, 'JABODETABEK', 373, 12, '', NULL, NULL),
    (371, 6, '', NULL, 25, 'JABODETABEK', 371, 12, '', NULL, NULL),
    (371, 6, '', NULL, 25, 'JABODETABEK', 372, 12, 'Y', 12, NULL),
    (371, 6, '', NULL, 4, 'JABODETABEK', 371, 12, '', NULL, NULL),
    (371, 6, '', NULL, 4, 'JABODETABEK', 372, 12, 'Y', 12, NULL),
    (371, 6, '', NULL, 4, 'JABODETABEK', 373, 12, '', NULL, NULL),
    (372, 1, 'Y', 1, 10, 'JABODETABEK', 371, 12, '', NULL, NULL),
    (372, 1, 'Y', 1, 10, 'JABODETABEK', 372, 12, 'Y', 12, NULL),
    (372, 1, 'Y', 1, 15, 'JABODETABEK', 373, 12, '', NULL, NULL),
    (372, 1, 'Y', 1, 15, 'JABODETABEK', 371, 12, '', NULL, NULL),
    (372, 1, 'Y', 1, 15, 'JABODETABEK', 372, 12, 'Y', 12, NULL),
    (372, 1, 'Y', 1, 20, 'JABODETABEK', 373, 12, '', NULL, NULL),
    (372, 1, 'Y', 1, 20, 'JABODETABEK', 371, 12, '', NULL, NULL),
    (372, 1, 'Y', 1, 20, 'JABODETABEK', 372, 12, 'Y', 12, NULL),
    (372, 1, 'Y', 1, 25, 'JABODETABEK', 373, 12, '', NULL, NULL),
    (372, 1, 'Y', 1, 25, 'JABODETABEK', 371, 12, '', NULL, NULL),
    (372, 1, 'Y', 1, 25, 'JABODETABEK', 372, 12, 'Y', 12, NULL),
    (372, 1, 'Y', 1, 1, 'JABODETABEK', 371, 3, '', NULL, NULL),
    (372, 1, 'Y', 1, 1, 'JABODETABEK', 372, 3, 'Y', 3, NULL),
    (372, 1, 'Y', 1, 1, 'JABODETABEK', 373, 12, '', NULL, NULL),
    (372, 1, 'Y', 1, 2, 'JABODETABEK', 371, 3, '', NULL, NULL),
    (372, 1, 'Y', 1, 2, 'JABODETABEK', 372, 3, 'Y', 3, NULL),
    (372, 1, 'Y', 1, 2, 'JABODETABEK', 373, 12, '', NULL, NULL),
    (372, 1, 'Y', 1, 3, 'JABODETABEK', 371, 3, '', NULL, NULL),
    (372, 1, 'Y', 1, 3, 'JABODETABEK', 372, 3, 'Y', 3, NULL),
    (372, 1, 'Y', 1, 3, 'JABODETABEK', 373, 12, '', NULL, NULL),
    (372, 1, 'Y', 1, 4, 'JABODETABEK', 371, 12, '', NULL, NULL),
    (372, 1, 'Y', 1, 4, 'JABODETABEK', 372, 12, 'Y', 12, NULL),
    (372, 1, 'Y', 1, 4, 'JABODETABEK', 373, 12, '', NULL, NULL),
    (372, 1, 'Y', 1, 5, 'JABODETABEK', 371, 12, '', NULL, NULL),
    (372, 1, 'Y', 1, 5, 'JABODETABEK', 372, 12, 'Y', 12, NULL),
    (372, 1, 'Y', 1, 5, 'JABODETABEK', 373, 12, '', NULL, NULL),
    (372, 3, 'Y', 3, 10, 'JABODETABEK', 373, 12, '', NULL, NULL),
    (372, 3, 'Y', 3, 10, 'JABODETABEK', 371, 12, '', NULL, NULL),
    (372, 3, 'Y', 3, 10, 'JABODETABEK', 372, 12, 'Y', 12, NULL),
    (372, 3, 'Y', 3, 15, 'JABODETABEK', 373, 12, '', NULL, NULL),
    (372, 3, 'Y', 3, 15, 'JABODETABEK', 371, 12, '', NULL, NULL),
    (372, 3, 'Y', 3, 15, 'JABODETABEK', 372, 12, 'Y', 12, NULL),
    (372, 3, 'Y', 3, 20, 'JABODETABEK', 373, 12, '', NULL, NULL),
    (372, 3, 'Y', 3, 20, 'JABODETABEK', 371, 12, '', NULL, NULL),
    (372, 3, 'Y', 3, 20, 'JABODETABEK', 372, 12, 'Y', 12, NULL),
    (372, 3, 'Y', 3, 25, 'JABODETABEK', 373, 12, '', NULL, NULL),
    (372, 3, 'Y', 3, 25, 'JABODETABEK', 371, 12, '', NULL, NULL),
    (372, 3, 'Y', 3, 25, 'JABODETABEK', 372, 12, 'Y', 12, NULL),
    (372, 3, 'Y', 3, 4, 'JABODETABEK', 371, 12, '', NULL, NULL),
    (372, 3, 'Y', 3, 4, 'JABODETABEK', 372, 12, 'Y', 12, NULL),
    (372, 3, 'Y', 3, 4, 'JABODETABEK', 373, 12, '', NULL, NULL),
    (372, 3, 'Y', 3, 5, 'JABODETABEK', 371, 12, '', NULL, NULL),
    (372, 3, 'Y', 3, 5, 'JABODETABEK', 372, 12, 'Y', 12, NULL),
    (372, 3, 'Y', 3, 5, 'JABODETABEK', 373, 12, '', NULL, NULL),
    (372, 6, 'Y', 6, 10, 'JABODETABEK', 373, 12, '', NULL, NULL),
    (372, 6, 'Y', 6, 10, 'JABODETABEK', 371, 12, '', NULL, NULL),
    (372, 6, 'Y', 6, 10, 'JABODETABEK', 372, 12, 'Y', 12, NULL),
    (372, 6, 'Y', 6, 15, 'JABODETABEK', 373, 12, '', NULL, NULL),
    (372, 6, 'Y', 6, 15, 'JABODETABEK', 371, 12, '', NULL, NULL),
    (372, 6, 'Y', 6, 15, 'JABODETABEK', 372, 12, 'Y', 12, NULL),
    (372, 6, 'Y', 6, 20, 'JABODETABEK', 373, 12, '', NULL, NULL),
    (372, 6, 'Y', 6, 20, 'JABODETABEK', 371, 12, '', NULL, NULL),
    (372, 6, 'Y', 6, 20, 'JABODETABEK', 372, 12, 'Y', 12, NULL),
    (372, 6, 'Y', 6, 25, 'JABODETABEK', 373, 12, '', NULL, NULL),
    (372, 6, 'Y', 6, 25, 'JABODETABEK', 371, 12, '', NULL, NULL),
    (372, 6, 'Y', 6, 25, 'JABODETABEK', 372, 12, 'Y', 12, NULL),
    (372, 6, 'Y', 6, 4, 'JABODETABEK', 371, 12, '', NULL, NULL),
    (372, 6, 'Y', 6, 4, 'JABODETABEK', 372, 12, 'Y', 12, NULL),
    (372, 6, 'Y', 6, 4, 'JABODETABEK', 373, 12, '', NULL, NULL),
    (372, 1, 'Y', 1, 10, 'JAWA BARAT', 373, 12, '', NULL, NULL),
    (372, 1, 'Y', 1, 10, 'JAWA BARAT', 371, 12, '', NULL, NULL),
    (372, 1, 'Y', 1, 10, 'JAWA BARAT', 372, 12, 'Y', 12, NULL),
    (372, 1, 'Y', 1, 15, 'JAWA BARAT', 373, 12, '', NULL, NULL),
    (372, 1, 'Y', 1, 15, 'JAWA BARAT', 371, 12, '', NULL, NULL),
    (372, 1, 'Y', 1, 15, 'JAWA BARAT', 372, 12, 'Y', 12, NULL),
    (372, 1, 'Y', 1, 20, 'JAWA BARAT', 373, 12, '', NULL, NULL),
    (372, 1, 'Y', 1, 20, 'JAWA BARAT', 371, 12, '', NULL, NULL),
    (372, 1, 'Y', 1, 20, 'JAWA BARAT', 372, 12, 'Y', 12, NULL),
    (372, 1, 'Y', 1, 25, 'JAWA BARAT', 373, 12, '', NULL, NULL),
    (372, 1, 'Y', 1, 25, 'JAWA BARAT', 371, 12, '', NULL, NULL),
    (372, 1, 'Y', 1, 25, 'JAWA BARAT', 372, 12, 'Y', 12, NULL),
    (372, 1, 'Y', 1, 1, 'JAWA BARAT', 371, 3, '', NULL, NULL),
    (372, 1, 'Y', 1, 1, 'JAWA BARAT', 372, 3, 'Y', 3, NULL),
    (372, 1, 'Y', 1, 1, 'JAWA BARAT', 373, 12, '', NULL, NULL),
    (372, 1, 'Y', 1, 2, 'JAWA BARAT', 371, 3, '', NULL, NULL),
    (372, 1, 'Y', 1, 2, 'JAWA BARAT', 372, 3, 'Y', 3, NULL),
    (372, 1, 'Y', 1, 2, 'JAWA BARAT', 373, 12, '', NULL, NULL),
    (372, 1, 'Y', 1, 3, 'JAWA BARAT', 371, 3, '', NULL, NULL),
    (372, 1, 'Y', 1, 3, 'JAWA BARAT', 372, 3, 'Y', 3, NULL),
    (372, 1, 'Y', 1, 3, 'JAWA BARAT', 373, 12, '', NULL, NULL),
    (372, 1, 'Y', 1, 4, 'JAWA BARAT', 371, 12, '', NULL, NULL),
    (372, 1, 'Y', 1, 4, 'JAWA BARAT', 372, 12, 'Y', 12, NULL),
    (372, 1, 'Y', 1, 4, 'JAWA BARAT', 373, 12, '', NULL, NULL),
    (372, 1, 'Y', 1, 5, 'JAWA BARAT', 371, 12, '', NULL, NULL),
    (372, 1, 'Y', 1, 5, 'JAWA BARAT', 372, 12, 'Y', 12, NULL),
    (372, 1, 'Y', 1, 5, 'JAWA BARAT', 373, 12, '', NULL, NULL),
    (372, 3, 'Y', 3, 10, 'JAWA BARAT', 373, 12, '', NULL, NULL),
    (372, 3, 'Y', 3, 10, 'JAWA BARAT', 371, 12, '', NULL, NULL),
    (372, 3, 'Y', 3, 10, 'JAWA BARAT', 372, 12, 'Y', 12, NULL),
    (372, 3, 'Y', 3, 15, 'JAWA BARAT', 373, 12, '', NULL, NULL),
    (372, 3, 'Y', 3, 15, 'JAWA BARAT', 371, 12, '', NULL, NULL),
    (372, 3, 'Y', 3, 15, 'JAWA BARAT', 372, 12, 'Y', 12, NULL),
    (372, 3, 'Y', 3, 20, 'JAWA BARAT', 373, 12, '', NULL, NULL),
    (372, 3, 'Y', 3, 20, 'JAWA BARAT', 371, 12, '', NULL, NULL),
    (372, 3, 'Y', 3, 20, 'JAWA BARAT', 372, 12, 'Y', 12, NULL),
    (372, 3, 'Y', 3, 25, 'JAWA BARAT', 373, 12, '', NULL, NULL),
    (372, 3, 'Y', 3, 25, 'JAWA BARAT', 371, 12, '', NULL, NULL),
    (372, 3, 'Y', 3, 25, 'JAWA BARAT', 372, 12, 'Y', 12, NULL),
    (372, 3, 'Y', 3, 4, 'JAWA BARAT', 371, 12, '', NULL, NULL),
    (372, 3, 'Y', 3, 4, 'JAWA BARAT', 372, 12, 'Y', 12, NULL),
    (372, 3, 'Y', 3, 4, 'JAWA BARAT', 373, 12, '', NULL, NULL),
    (372, 3, 'Y', 3, 5, 'JAWA BARAT', 371, 12, '', NULL, NULL),
    (372, 3, 'Y', 3, 5, 'JAWA BARAT', 372, 12, 'Y', 12, NULL),
    (372, 3, 'Y', 3, 5, 'JAWA BARAT', 373, 12, '', NULL, NULL),
    (372, 6, 'Y', 6, 10, 'JAWA BARAT', 373, 12, '', NULL, NULL),
    (372, 6, 'Y', 6, 10, 'JAWA BARAT', 371, 12, '', NULL, NULL),
    (372, 6, 'Y', 6, 10, 'JAWA BARAT', 372, 12, 'Y', 12, NULL),
    (372, 6, 'Y', 6, 15, 'JAWA BARAT', 373, 12, '', NULL, NULL),
    (372, 6, 'Y', 6, 15, 'JAWA BARAT', 371, 12, '', NULL, NULL),
    (372, 6, 'Y', 6, 15, 'JAWA BARAT', 372, 12, 'Y', 12, NULL),
    (372, 6, 'Y', 6, 20, 'JAWA BARAT', 373, 12, '', NULL, NULL),
    (372, 6, 'Y', 6, 20, 'JAWA BARAT', 371, 12, '', NULL, NULL),
    (372, 6, 'Y', 6, 20, 'JAWA BARAT', 372, 12, 'Y', 12, NULL),
    (372, 6, 'Y', 6, 25, 'JAWA BARAT', 373, 12, '', NULL, NULL),
    (372, 6, 'Y', 6, 25, 'JAWA BARAT', 371, 12, '', NULL, NULL),
    (372, 6, 'Y', 6, 25, 'JAWA BARAT', 372, 12, 'Y', 12, NULL),
    (372, 6, 'Y', 6, 4, 'JAWA BARAT', 371, 12, '', NULL, NULL),
    (372, 6, 'Y', 6, 4, 'JAWA BARAT', 372, 12, 'Y', 12, NULL),
    (372, 6, 'Y', 6, 4, 'JAWA BARAT', 373, 12, '', NULL, NULL),
    (372, 1, 'Y', 1, 10, 'JAWA TIMUR', 373, 12, '', NULL, NULL),
    (372, 1, 'Y', 1, 10, 'JAWA TIMUR', 371, 12, '', NULL, NULL),
    (372, 1, 'Y', 1, 10, 'JAWA TIMUR', 372, 12, 'Y', 12, NULL),
    (372, 1, 'Y', 1, 15, 'JAWA TIMUR', 373, 12, '', NULL, NULL),
    (372, 1, 'Y', 1, 15, 'JAWA TIMUR', 371, 12, '', NULL, NULL),
    (372, 1, 'Y', 1, 15, 'JAWA TIMUR', 372, 12, 'Y', 12, NULL),
    (372, 1, 'Y', 1, 20, 'JAWA TIMUR', 373, 12, '', NULL, NULL),
    (372, 1, 'Y', 1, 20, 'JAWA TIMUR', 371, 12, '', NULL, NULL),
    (372, 1, 'Y', 1, 20, 'JAWA TIMUR', 372, 12, 'Y', 12, NULL),
    (372, 1, 'Y', 1, 25, 'JAWA TIMUR', 373, 12, '', NULL, NULL),
    (372, 1, 'Y', 1, 25, 'JAWA TIMUR', 371, 12, '', NULL, NULL),
    (372, 1, 'Y', 1, 25, 'JAWA TIMUR', 372, 12, 'Y', 12, NULL),
    (372, 1, 'Y', 1, 1, 'JAWA TIMUR', 371, 3, '', NULL, NULL),
    (372, 1, 'Y', 1, 1, 'JAWA TIMUR', 372, 3, 'Y', 3, NULL),
    (372, 1, 'Y', 1, 1, 'JAWA TIMUR', 373, 12, '', NULL, NULL),
    (372, 1, 'Y', 1, 2, 'JAWA TIMUR', 371, 3, '', NULL, NULL),
    (372, 1, 'Y', 1, 2, 'JAWA TIMUR', 372, 3, 'Y', 3, NULL),
    (372, 1, 'Y', 1, 2, 'JAWA TIMUR', 373, 12, '', NULL, NULL),
    (372, 1, 'Y', 1, 3, 'JAWA TIMUR', 371, 3, '', NULL, NULL),
    (372, 1, 'Y', 1, 3, 'JAWA TIMUR', 372, 3, 'Y', 3, NULL),
    (372, 1, 'Y', 1, 3, 'JAWA TIMUR', 373, 12, '', NULL, NULL),
    (372, 1, 'Y', 1, 4, 'JAWA TIMUR', 371, 12, '', NULL, NULL),
    (372, 1, 'Y', 1, 4, 'JAWA TIMUR', 372, 12, 'Y', 12, NULL),
    (372, 1, 'Y', 1, 4, 'JAWA TIMUR', 373, 12, '', NULL, NULL),
    (372, 1, 'Y', 1, 5, 'JAWA TIMUR', 371, 12, '', NULL, NULL),
    (372, 1, 'Y', 1, 5, 'JAWA TIMUR', 372, 12, 'Y', 12, NULL),
    (372, 1, 'Y', 1, 5, 'JAWA TIMUR', 373, 12, '', NULL, NULL),
    (372, 3, 'Y', 3, 10, 'JAWA TIMUR', 373, 12, '', NULL, NULL),
    (372, 3, 'Y', 3, 10, 'JAWA TIMUR', 371, 12, '', NULL, NULL),
    (372, 3, 'Y', 3, 10, 'JAWA TIMUR', 372, 12, 'Y', 12, NULL),
    (372, 3, 'Y', 3, 15, 'JAWA TIMUR', 373, 12, '', NULL, NULL),
    (372, 3, 'Y', 3, 15, 'JAWA TIMUR', 371, 12, '', NULL, NULL),
    (372, 3, 'Y', 3, 15, 'JAWA TIMUR', 372, 12, 'Y', 12, NULL),
    (372, 3, 'Y', 3, 20, 'JAWA TIMUR', 373, 12, '', NULL, NULL),
    (372, 3, 'Y', 3, 20, 'JAWA TIMUR', 371, 12, '', NULL, NULL),
    (372, 3, 'Y', 3, 20, 'JAWA TIMUR', 372, 12, 'Y', 12, NULL),
    (372, 3, 'Y', 3, 25, 'JAWA TIMUR', 373, 12, '', NULL, NULL),
    (372, 3, 'Y', 3, 25, 'JAWA TIMUR', 371, 12, '', NULL, NULL),
    (372, 3, 'Y', 3, 25, 'JAWA TIMUR', 372, 12, 'Y', 12, NULL),
    (372, 3, 'Y', 3, 4, 'JAWA TIMUR', 371, 12, '', NULL, NULL),
    (372, 3, 'Y', 3, 4, 'JAWA TIMUR', 372, 12, 'Y', 12, NULL),
    (372, 3, 'Y', 3, 4, 'JAWA TIMUR', 373, 12, '', NULL, NULL),
    (372, 3, 'Y', 3, 5, 'JAWA TIMUR', 371, 12, '', NULL, NULL),
    (372, 3, 'Y', 3, 5, 'JAWA TIMUR', 372, 12, 'Y', 12, NULL),
    (372, 3, 'Y', 3, 5, 'JAWA TIMUR', 373, 12, '', NULL, NULL),
    (372, 6, 'Y', 6, 10, 'JAWA TIMUR', 373, 12, '', NULL, NULL),
    (372, 6, 'Y', 6, 10, 'JAWA TIMUR', 371, 12, '', NULL, NULL),
    (372, 6, 'Y', 6, 10, 'JAWA TIMUR', 372, 12, 'Y', 12, NULL),
    (372, 6, 'Y', 6, 15, 'JAWA TIMUR', 373, 12, '', NULL, NULL),
    (372, 6, 'Y', 6, 15, 'JAWA TIMUR', 371, 12, '', NULL, NULL),
    (372, 6, 'Y', 6, 15, 'JAWA TIMUR', 372, 12, 'Y', 12, NULL),
    (372, 6, 'Y', 6, 20, 'JAWA TIMUR', 373, 12, '', NULL, NULL),
    (372, 6, 'Y', 6, 20, 'JAWA TIMUR', 371, 12, '', NULL, NULL),
    (372, 6, 'Y', 6, 20, 'JAWA TIMUR', 372, 12, 'Y', 12, NULL),
    (372, 6, 'Y', 6, 25, 'JAWA TIMUR', 373, 12, '', NULL, NULL),
    (372, 6, 'Y', 6, 25, 'JAWA TIMUR', 371, 12, '', NULL, NULL),
    (372, 6, 'Y', 6, 25, 'JAWA TIMUR', 372, 12, 'Y', 12, NULL),
    (372, 6, 'Y', 6, 4, 'JAWA TIMUR', 371, 12, '', NULL, NULL),
    (372, 6, 'Y', 6, 4, 'JAWA TIMUR', 372, 12, 'Y', 12, NULL),
    (372, 6, 'Y', 6, 4, 'JAWA TIMUR', 373, 12, '', NULL, NULL),
    (372, 1, 'Y', 1, 10, 'BALINUSRA', 373, 12, '', NULL, NULL),
    (372, 1, 'Y', 1, 10, 'BALINUSRA', 371, 12, '', NULL, NULL),
    (372, 1, 'Y', 1, 10, 'BALINUSRA', 372, 12, 'Y', 12, NULL),
    (372, 1, 'Y', 1, 15, 'BALINUSRA', 373, 12, '', NULL, NULL),
    (372, 1, 'Y', 1, 15, 'BALINUSRA', 371, 12, '', NULL, NULL),
    (372, 1, 'Y', 1, 15, 'BALINUSRA', 372, 12, 'Y', 12, NULL),
    (372, 1, 'Y', 1, 20, 'BALINUSRA', 373, 12, '', NULL, NULL),
    (372, 1, 'Y', 1, 20, 'BALINUSRA', 371, 12, '', NULL, NULL),
    (372, 1, 'Y', 1, 20, 'BALINUSRA', 372, 12, 'Y', 12, NULL),
    (372, 1, 'Y', 1, 25, 'BALINUSRA', 373, 12, '', NULL, NULL),
    (372, 1, 'Y', 1, 25, 'BALINUSRA', 371, 12, '', NULL, NULL),
    (372, 1, 'Y', 1, 25, 'BALINUSRA', 372, 12, 'Y', 12, NULL),
    (372, 1, 'Y', 1, 1, 'BALINUSRA', 371, 3, '', NULL, NULL),
    (372, 1, 'Y', 1, 1, 'BALINUSRA', 372, 3, 'Y', 3, NULL),
    (372, 1, 'Y', 1, 1, 'BALINUSRA', 373, 12, '', NULL, NULL),
    (372, 1, 'Y', 1, 2, 'BALINUSRA', 371, 3, '', NULL, NULL),
    (372, 1, 'Y', 1, 2, 'BALINUSRA', 372, 3, 'Y', 3, NULL),
    (372, 1, 'Y', 1, 2, 'BALINUSRA', 373, 12, '', NULL, NULL),
    (372, 1, 'Y', 1, 3, 'BALINUSRA', 371, 3, '', NULL, NULL),
    (372, 1, 'Y', 1, 3, 'BALINUSRA', 372, 3, 'Y', 3, NULL),
    (372, 1, 'Y', 1, 3, 'BALINUSRA', 373, 12, '', NULL, NULL),
    (372, 1, 'Y', 1, 4, 'BALINUSRA', 371, 12, '', NULL, NULL),
    (372, 1, 'Y', 1, 4, 'BALINUSRA', 372, 12, 'Y', 12, NULL),
    (372, 1, 'Y', 1, 4, 'BALINUSRA', 373, 12, '', NULL, NULL),
    (372, 1, 'Y', 1, 5, 'BALINUSRA', 371, 12, '', NULL, NULL),
    (372, 1, 'Y', 1, 5, 'BALINUSRA', 372, 12, 'Y', 12, NULL),
    (372, 1, 'Y', 1, 5, 'BALINUSRA', 373, 12, '', NULL, NULL),
    (372, 3, 'Y', 3, 10, 'BALINUSRA', 373, 12, '', NULL, NULL),
    (372, 3, 'Y', 3, 10, 'BALINUSRA', 371, 12, '', NULL, NULL),
    (372, 3, 'Y', 3, 10, 'BALINUSRA', 372, 12, 'Y', 12, NULL),
    (372, 3, 'Y', 3, 15, 'BALINUSRA', 373, 12, '', NULL, NULL),
    (372, 3, 'Y', 3, 15, 'BALINUSRA', 371, 12, '', NULL, NULL),
    (372, 3, 'Y', 3, 15, 'BALINUSRA', 372, 12, 'Y', 12, NULL),
    (372, 3, 'Y', 3, 20, 'BALINUSRA', 373, 12, '', NULL, NULL),
    (372, 3, 'Y', 3, 20, 'BALINUSRA', 371, 12, '', NULL, NULL),
    (372, 3, 'Y', 3, 20, 'BALINUSRA', 372, 12, 'Y', 12, NULL),
    (372, 3, 'Y', 3, 25, 'BALINUSRA', 373, 12, '', NULL, NULL),
    (372, 3, 'Y', 3, 25, 'BALINUSRA', 371, 12, '', NULL, NULL),
    (372, 3, 'Y', 3, 25, 'BALINUSRA', 372, 12, 'Y', 12, NULL),
    (372, 3, 'Y', 3, 4, 'BALINUSRA', 371, 12, '', NULL, NULL),
    (372, 3, 'Y', 3, 4, 'BALINUSRA', 372, 12, 'Y', 12, NULL),
    (372, 3, 'Y', 3, 4, 'BALINUSRA', 373, 12, '', NULL, NULL),
    (372, 3, 'Y', 3, 5, 'BALINUSRA', 371, 12, '', NULL, NULL),
    (372, 3, 'Y', 3, 5, 'BALINUSRA', 372, 12, 'Y', 12, NULL),
    (372, 3, 'Y', 3, 5, 'BALINUSRA', 373, 12, '', NULL, NULL),
    (372, 6, 'Y', 6, 10, 'BALINUSRA', 373, 12, '', NULL, NULL),
    (372, 6, 'Y', 6, 10, 'BALINUSRA', 371, 12, '', NULL, NULL),
    (372, 6, 'Y', 6, 10, 'BALINUSRA', 372, 12, 'Y', 12, NULL),
    (372, 6, 'Y', 6, 15, 'BALINUSRA', 373, 12, '', NULL, NULL),
    (372, 6, 'Y', 6, 15, 'BALINUSRA', 371, 12, '', NULL, NULL),
    (372, 6, 'Y', 6, 15, 'BALINUSRA', 372, 12, 'Y', 12, NULL),
    (372, 6, 'Y', 6, 20, 'BALINUSRA', 373, 12, '', NULL, NULL),
    (372, 6, 'Y', 6, 20, 'BALINUSRA', 371, 12, '', NULL, NULL),
    (372, 6, 'Y', 6, 20, 'BALINUSRA', 372, 12, 'Y', 12, NULL),
    (372, 6, 'Y', 6, 25, 'BALINUSRA', 373, 12, '', NULL, NULL),
    (372, 6, 'Y', 6, 25, 'BALINUSRA', 371, 12, '', NULL, NULL),
    (372, 6, 'Y', 6, 25, 'BALINUSRA', 372, 12, 'Y', 12, NULL),
    (372, 6, 'Y', 6, 4, 'BALINUSRA', 371, 12, '', NULL, NULL),
    (372, 6, 'Y', 6, 4, 'BALINUSRA', 372, 12, 'Y', 12, NULL),
    (372, 6, 'Y', 6, 4, 'BALINUSRA', 373, 12, '', NULL, NULL),
    (372, 1, 'Y', 1, 10, 'SULAMPAP', 373, 12, '', NULL, NULL),
    (372, 1, 'Y', 1, 10, 'SULAMPAP', 371, 12, '', NULL, NULL),
    (372, 1, 'Y', 1, 10, 'SULAMPAP', 372, 12, 'Y', 12, NULL),
    (372, 1, 'Y', 1, 15, 'SULAMPAP', 373, 12, '', NULL, NULL),
    (372, 1, 'Y', 1, 15, 'SULAMPAP', 371, 12, '', NULL, NULL),
    (372, 1, 'Y', 1, 15, 'SULAMPAP', 372, 12, 'Y', 12, NULL),
    (372, 1, 'Y', 1, 20, 'SULAMPAP', 373, 12, '', NULL, NULL),
    (372, 1, 'Y', 1, 20, 'SULAMPAP', 371, 12, '', NULL, NULL),
    (372, 1, 'Y', 1, 20, 'SULAMPAP', 372, 12, 'Y', 12, NULL),
    (372, 1, 'Y', 1, 25, 'SULAMPAP', 373, 12, '', NULL, NULL),
    (372, 1, 'Y', 1, 25, 'SULAMPAP', 371, 12, '', NULL, NULL),
    (372, 1, 'Y', 1, 25, 'SULAMPAP', 372, 12, 'Y', 12, NULL),
    (372, 1, 'Y', 1, 1, 'SULAMPAP', 371, 3, '', NULL, NULL),
    (372, 1, 'Y', 1, 1, 'SULAMPAP', 372, 3, 'Y', 3, NULL),
    (372, 1, 'Y', 1, 1, 'SULAMPAP', 373, 12, '', NULL, NULL),
    (372, 1, 'Y', 1, 2, 'SULAMPAP', 371, 3, '', NULL, NULL),
    (372, 1, 'Y', 1, 2, 'SULAMPAP', 372, 3, 'Y', 3, NULL),
    (372, 1, 'Y', 1, 2, 'SULAMPAP', 373, 12, '', NULL, NULL),
    (372, 1, 'Y', 1, 3, 'SULAMPAP', 371, 3, '', NULL, NULL),
    (372, 1, 'Y', 1, 3, 'SULAMPAP', 372, 3, 'Y', 3, NULL),
    (372, 1, 'Y', 1, 3, 'SULAMPAP', 373, 12, '', NULL, NULL),
    (372, 1, 'Y', 1, 4, 'SULAMPAP', 371, 12, '', NULL, NULL),
    (372, 1, 'Y', 1, 4, 'SULAMPAP', 372, 12, 'Y', 12, NULL),
    (372, 1, 'Y', 1, 4, 'SULAMPAP', 373, 12, '', NULL, NULL),
    (372, 1, 'Y', 1, 5, 'SULAMPAP', 371, 12, '', NULL, NULL),
    (372, 1, 'Y', 1, 5, 'SULAMPAP', 372, 12, 'Y', 12, NULL),
    (372, 1, 'Y', 1, 5, 'SULAMPAP', 373, 12, '', NULL, NULL),
    (372, 3, 'Y', 3, 10, 'SULAMPAP', 373, 12, '', NULL, NULL),
    (372, 3, 'Y', 3, 10, 'SULAMPAP', 371, 12, '', NULL, NULL),
    (372, 3, 'Y', 3, 10, 'SULAMPAP', 372, 12, 'Y', 12, NULL),
    (372, 3, 'Y', 3, 15, 'SULAMPAP', 373, 12, '', NULL, NULL),
    (372, 3, 'Y', 3, 15, 'SULAMPAP', 371, 12, '', NULL, NULL),
    (372, 3, 'Y', 3, 15, 'SULAMPAP', 372, 12, 'Y', 12, NULL),
    (372, 3, 'Y', 3, 20, 'SULAMPAP', 373, 12, '', NULL, NULL),
    (372, 3, 'Y', 3, 20, 'SULAMPAP', 371, 12, '', NULL, NULL),
    (372, 3, 'Y', 3, 20, 'SULAMPAP', 372, 12, 'Y', 12, NULL),
    (372, 3, 'Y', 3, 25, 'SULAMPAP', 373, 12, '', NULL, NULL),
    (372, 3, 'Y', 3, 25, 'SULAMPAP', 371, 12, '', NULL, NULL),
    (372, 3, 'Y', 3, 25, 'SULAMPAP', 372, 12, 'Y', 12, NULL),
    (372, 3, 'Y', 3, 4, 'SULAMPAP', 371, 12, '', NULL, NULL),
    (372, 3, 'Y', 3, 4, 'SULAMPAP', 372, 12, 'Y', 12, NULL),
    (372, 3, 'Y', 3, 4, 'SULAMPAP', 373, 12, '', NULL, NULL),
    (372, 3, 'Y', 3, 5, 'SULAMPAP', 371, 12, '', NULL, NULL),
    (372, 3, 'Y', 3, 5, 'SULAMPAP', 372, 12, 'Y', 12, NULL),
    (372, 3, 'Y', 3, 5, 'SULAMPAP', 373, 12, '', NULL, NULL),
    (372, 1, 'Y', 1, 10, 'JAWA TENGAH', 373, 12, '', NULL, NULL),
    (372, 1, 'Y', 1, 10, 'JAWA TENGAH', 371, 12, '', NULL, NULL),
    (372, 1, 'Y', 1, 10, 'JAWA TENGAH', 372, 12, 'Y', 12, NULL),
    (372, 1, 'Y', 1, 15, 'JAWA TENGAH', 373, 12, '', NULL, NULL),
    (372, 1, 'Y', 1, 15, 'JAWA TENGAH', 371, 12, '', NULL, NULL),
    (372, 1, 'Y', 1, 15, 'JAWA TENGAH', 372, 12, 'Y', 12, NULL),
    (372, 1, 'Y', 1, 1, 'JAWA TENGAH', 371, 3, '', NULL, NULL),
    (372, 1, 'Y', 1, 1, 'JAWA TENGAH', 372, 3, 'Y', 3, NULL),
    (372, 1, 'Y', 1, 1, 'JAWA TENGAH', 373, 12, '', NULL, NULL),
    (372, 1, 'Y', 1, 2, 'JAWA TENGAH', 371, 3, '', NULL, NULL),
    (372, 1, 'Y', 1, 2, 'JAWA TENGAH', 372, 3, 'Y', 3, NULL),
    (372, 1, 'Y', 1, 2, 'JAWA TENGAH', 373, 12, '', NULL, NULL),
    (372, 1, 'Y', 1, 3, 'JAWA TENGAH', 371, 3, '', NULL, NULL),
    (372, 1, 'Y', 1, 3, 'JAWA TENGAH', 372, 3, 'Y', 3, NULL),
    (372, 1, 'Y', 1, 3, 'JAWA TENGAH', 373, 12, '', NULL, NULL),
    (372, 1, 'Y', 1, 4, 'JAWA TENGAH', 371, 12, '', NULL, NULL),
    (372, 1, 'Y', 1, 4, 'JAWA TENGAH', 372, 12, 'Y', 12, NULL),
    (372, 1, 'Y', 1, 4, 'JAWA TENGAH', 373, 12, '', NULL, NULL),
    (372, 1, 'Y', 1, 5, 'JAWA TENGAH', 371, 12, '', NULL, NULL),
    (372, 1, 'Y', 1, 5, 'JAWA TENGAH', 372, 12, 'Y', 12, NULL),
    (372, 1, 'Y', 1, 5, 'JAWA TENGAH', 373, 12, '', NULL, NULL),
    (372, 3, 'Y', 3, 10, 'JAWA TENGAH', 373, 12, '', NULL, NULL),
    (372, 3, 'Y', 3, 10, 'JAWA TENGAH', 371, 12, '', NULL, NULL),
    (372, 3, 'Y', 3, 10, 'JAWA TENGAH', 372, 12, 'Y', 12, NULL),
    (372, 3, 'Y', 3, 15, 'JAWA TENGAH', 373, 12, '', NULL, NULL),
    (372, 3, 'Y', 3, 15, 'JAWA TENGAH', 371, 12, '', NULL, NULL),
    (372, 3, 'Y', 3, 15, 'JAWA TENGAH', 372, 12, 'Y', 12, NULL),
    (372, 3, 'Y', 3, 4, 'JAWA TENGAH', 371, 12, '', NULL, NULL),
    (372, 3, 'Y', 3, 4, 'JAWA TENGAH', 372, 12, 'Y', 12, NULL),
    (372, 3, 'Y', 3, 4, 'JAWA TENGAH', 373, 12, '', NULL, NULL),
    (372, 3, 'Y', 3, 5, 'JAWA TENGAH', 371, 12, '', NULL, NULL),
    (372, 3, 'Y', 3, 5, 'JAWA TENGAH', 372, 12, 'Y', 12, NULL),
    (372, 3, 'Y', 3, 5, 'JAWA TENGAH', 373, 12, '', NULL, NULL),
    (372, 6, 'Y', 6, 10, 'JAWA TENGAH', 373, 12, '', NULL, NULL),
    (372, 6, 'Y', 6, 10, 'JAWA TENGAH', 371, 12, '', NULL, NULL),
    (372, 6, 'Y', 6, 10, 'JAWA TENGAH', 372, 12, 'Y', 12, NULL),
    (372, 6, 'Y', 6, 15, 'JAWA TENGAH', 373, 12, '', NULL, NULL),
    (372, 6, 'Y', 6, 15, 'JAWA TENGAH', 371, 12, '', NULL, NULL),
    (372, 6, 'Y', 6, 15, 'JAWA TENGAH', 372, 12, 'Y', 12, NULL),
    (372, 6, 'Y', 6, 4, 'JAWA TENGAH', 371, 12, '', NULL, NULL),
    (372, 6, 'Y', 6, 4, 'JAWA TENGAH', 372, 12, 'Y', 12, NULL),
    (372, 6, 'Y', 6, 4, 'JAWA TENGAH', 373, 12, '', NULL, NULL),
    (372, 1, 'Y', 1, 10, 'SUMATERA 1', 373, 12, '', NULL, NULL),
    (372, 1, 'Y', 1, 10, 'SUMATERA 1', 371, 12, '', NULL, NULL),
    (372, 1, 'Y', 1, 10, 'SUMATERA 1', 372, 12, 'Y', 12, NULL),
    (372, 1, 'Y', 1, 15, 'SUMATERA 1', 373, 12, '', NULL, NULL),
    (372, 1, 'Y', 1, 15, 'SUMATERA 1', 371, 12, '', NULL, NULL),
    (372, 1, 'Y', 1, 15, 'SUMATERA 1', 372, 12, 'Y', 12, NULL),
    (372, 1, 'Y', 1, 1, 'SUMATERA 1', 371, 3, '', NULL, NULL),
    (372, 1, 'Y', 1, 1, 'SUMATERA 1', 372, 3, 'Y', 3, NULL),
    (372, 1, 'Y', 1, 1, 'SUMATERA 1', 373, 12, '', NULL, NULL),
    (372, 1, 'Y', 1, 2, 'SUMATERA 1', 371, 3, '', NULL, NULL),
    (372, 1, 'Y', 1, 2, 'SUMATERA 1', 372, 3, 'Y', 3, NULL),
    (372, 1, 'Y', 1, 2, 'SUMATERA 1', 373, 12, '', NULL, NULL),
    (372, 1, 'Y', 1, 3, 'SUMATERA 1', 371, 3, '', NULL, NULL),
    (372, 1, 'Y', 1, 3, 'SUMATERA 1', 372, 3, 'Y', 3, NULL),
    (372, 1, 'Y', 1, 3, 'SUMATERA 1', 373, 12, '', NULL, NULL),
    (372, 1, 'Y', 1, 4, 'SUMATERA 1', 371, 12, '', NULL, NULL),
    (372, 1, 'Y', 1, 4, 'SUMATERA 1', 372, 12, 'Y', 12, NULL),
    (372, 1, 'Y', 1, 4, 'SUMATERA 1', 373, 12, '', NULL, NULL),
    (372, 1, 'Y', 1, 5, 'SUMATERA 1', 371, 12, '', NULL, NULL),
    (372, 1, 'Y', 1, 5, 'SUMATERA 1', 372, 12, 'Y', 12, NULL),
    (372, 1, 'Y', 1, 5, 'SUMATERA 1', 373, 12, '', NULL, NULL),
    (372, 3, 'Y', 3, 10, 'SUMATERA 1', 373, 12, '', NULL, NULL),
    (372, 3, 'Y', 3, 10, 'SUMATERA 1', 371, 12, '', NULL, NULL),
    (372, 3, 'Y', 3, 10, 'SUMATERA 1', 372, 12, 'Y', 12, NULL),
    (372, 3, 'Y', 3, 15, 'SUMATERA 1', 373, 12, '', NULL, NULL),
    (372, 3, 'Y', 3, 15, 'SUMATERA 1', 371, 12, '', NULL, NULL),
    (372, 3, 'Y', 3, 15, 'SUMATERA 1', 372, 12, 'Y', 12, NULL),
    (372, 3, 'Y', 3, 4, 'SUMATERA 1', 371, 12, '', NULL, NULL),
    (372, 3, 'Y', 3, 4, 'SUMATERA 1', 372, 12, 'Y', 12, NULL),
    (372, 3, 'Y', 3, 4, 'SUMATERA 1', 373, 12, '', NULL, NULL),
    (372, 3, 'Y', 3, 5, 'SUMATERA 1', 371, 12, '', NULL, NULL),
    (372, 3, 'Y', 3, 5, 'SUMATERA 1', 372, 12, 'Y', 12, NULL),
    (372, 3, 'Y', 3, 5, 'SUMATERA 1', 373, 12, '', NULL, NULL),
    (372, 6, 'Y', 6, 10, 'SUMATERA 1', 373, 12, '', NULL, NULL),
    (372, 6, 'Y', 6, 10, 'SUMATERA 1', 371, 12, '', NULL, NULL),
    (372, 6, 'Y', 6, 10, 'SUMATERA 1', 372, 12, 'Y', 12, NULL),
    (372, 6, 'Y', 6, 15, 'SUMATERA 1', 373, 12, '', NULL, NULL),
    (372, 6, 'Y', 6, 15, 'SUMATERA 1', 371, 12, '', NULL, NULL),
    (372, 6, 'Y', 6, 15, 'SUMATERA 1', 372, 12, 'Y', 12, NULL),
    (372, 6, 'Y', 6, 4, 'SUMATERA 1', 371, 12, '', NULL, NULL),
    (372, 6, 'Y', 6, 4, 'SUMATERA 1', 372, 12, 'Y', 12, NULL),
    (372, 6, 'Y', 6, 4, 'SUMATERA 1', 373, 12, '', NULL, NULL),
    (372, 1, 'Y', 1, 10, 'SUMATERA 2', 373, 12, '', NULL, NULL),
    (372, 1, 'Y', 1, 10, 'SUMATERA 2', 371, 12, '', NULL, NULL),
    (372, 1, 'Y', 1, 10, 'SUMATERA 2', 372, 12, 'Y', 12, NULL),
    (372, 1, 'Y', 1, 15, 'SUMATERA 2', 373, 12, '', NULL, NULL),
    (372, 1, 'Y', 1, 15, 'SUMATERA 2', 371, 12, '', NULL, NULL),
    (372, 1, 'Y', 1, 15, 'SUMATERA 2', 372, 12, 'Y', 12, NULL),
    (372, 1, 'Y', 1, 1, 'SUMATERA 2', 371, 3, '', NULL, NULL),
    (372, 1, 'Y', 1, 1, 'SUMATERA 2', 372, 3, 'Y', 3, NULL),
    (372, 1, 'Y', 1, 1, 'SUMATERA 2', 373, 12, '', NULL, NULL),
    (372, 1, 'Y', 1, 2, 'SUMATERA 2', 371, 3, '', NULL, NULL),
    (372, 1, 'Y', 1, 2, 'SUMATERA 2', 372, 3, 'Y', 3, NULL),
    (372, 1, 'Y', 1, 2, 'SUMATERA 2', 373, 12, '', NULL, NULL),
    (372, 1, 'Y', 1, 3, 'SUMATERA 2', 371, 3, '', NULL, NULL),
    (372, 1, 'Y', 1, 3, 'SUMATERA 2', 372, 3, 'Y', 3, NULL),
    (372, 1, 'Y', 1, 3, 'SUMATERA 2', 373, 12, '', NULL, NULL),
    (372, 1, 'Y', 1, 4, 'SUMATERA 2', 371, 12, '', NULL, NULL),
    (372, 1, 'Y', 1, 4, 'SUMATERA 2', 372, 12, 'Y', 12, NULL),
    (372, 1, 'Y', 1, 4, 'SUMATERA 2', 373, 12, '', NULL, NULL),
    (372, 1, 'Y', 1, 5, 'SUMATERA 2', 371, 12, '', NULL, NULL),
    (372, 1, 'Y', 1, 5, 'SUMATERA 2', 372, 12, 'Y', 12, NULL),
    (372, 1, 'Y', 1, 5, 'SUMATERA 2', 373, 12, '', NULL, NULL),
    (372, 3, 'Y', 3, 10, 'SUMATERA 2', 373, 12, '', NULL, NULL),
    (372, 3, 'Y', 3, 10, 'SUMATERA 2', 371, 12, '', NULL, NULL),
    (372, 3, 'Y', 3, 10, 'SUMATERA 2', 372, 12, 'Y', 12, NULL),
    (372, 3, 'Y', 3, 15, 'SUMATERA 2', 373, 12, '', NULL, NULL),
    (372, 3, 'Y', 3, 15, 'SUMATERA 2', 371, 12, '', NULL, NULL),
    (372, 3, 'Y', 3, 15, 'SUMATERA 2', 372, 12, 'Y', 12, NULL),
    (372, 3, 'Y', 3, 4, 'SUMATERA 2', 371, 12, '', NULL, NULL),
    (372, 3, 'Y', 3, 4, 'SUMATERA 2', 372, 12, 'Y', 12, NULL),
    (372, 3, 'Y', 3, 4, 'SUMATERA 2', 373, 12, '', NULL, NULL),
    (372, 3, 'Y', 3, 5, 'SUMATERA 2', 371, 12, '', NULL, NULL),
    (372, 3, 'Y', 3, 5, 'SUMATERA 2', 372, 12, 'Y', 12, NULL),
    (372, 3, 'Y', 3, 5, 'SUMATERA 2', 373, 12, '', NULL, NULL),
    (372, 6, 'Y', 6, 10, 'SUMATERA 2', 373, 12, '', NULL, NULL),
    (372, 6, 'Y', 6, 10, 'SUMATERA 2', 371, 12, '', NULL, NULL),
    (372, 6, 'Y', 6, 10, 'SUMATERA 2', 372, 12, 'Y', 12, NULL),
    (372, 6, 'Y', 6, 15, 'SUMATERA 2', 373, 12, '', NULL, NULL),
    (372, 6, 'Y', 6, 15, 'SUMATERA 2', 371, 12, '', NULL, NULL),
    (372, 6, 'Y', 6, 15, 'SUMATERA 2', 372, 12, 'Y', 12, NULL),
    (372, 6, 'Y', 6, 4, 'SUMATERA 2', 371, 12, '', NULL, NULL),
    (372, 6, 'Y', 6, 4, 'SUMATERA 2', 372, 12, 'Y', 12, NULL),
    (372, 6, 'Y', 6, 4, 'SUMATERA 2', 373, 12, '', NULL, NULL),
    (372, 1, 'Y', 1, 10, 'SUMATERA 3', 373, 12, '', NULL, NULL),
    (372, 1, 'Y', 1, 10, 'SUMATERA 3', 371, 12, '', NULL, NULL),
    (372, 1, 'Y', 1, 10, 'SUMATERA 3', 372, 12, 'Y', 12, NULL),
    (372, 1, 'Y', 1, 15, 'SUMATERA 3', 373, 12, '', NULL, NULL),
    (372, 1, 'Y', 1, 15, 'SUMATERA 3', 371, 12, '', NULL, NULL),
    (372, 1, 'Y', 1, 15, 'SUMATERA 3', 372, 12, 'Y', 12, NULL),
    (372, 1, 'Y', 1, 1, 'SUMATERA 3', 371, 3, '', NULL, NULL),
    (372, 1, 'Y', 1, 1, 'SUMATERA 3', 372, 3, 'Y', 3, NULL),
    (372, 1, 'Y', 1, 1, 'SUMATERA 3', 373, 12, '', NULL, NULL),
    (372, 1, 'Y', 1, 2, 'SUMATERA 3', 371, 3, '', NULL, NULL),
    (372, 1, 'Y', 1, 2, 'SUMATERA 3', 372, 3, 'Y', 3, NULL),
    (372, 1, 'Y', 1, 2, 'SUMATERA 3', 373, 12, '', NULL, NULL),
    (372, 1, 'Y', 1, 3, 'SUMATERA 3', 371, 3, '', NULL, NULL),
    (372, 1, 'Y', 1, 3, 'SUMATERA 3', 372, 3, 'Y', 3, NULL),
    (372, 1, 'Y', 1, 3, 'SUMATERA 3', 373, 12, '', NULL, NULL),
    (372, 1, 'Y', 1, 4, 'SUMATERA 3', 371, 12, '', NULL, NULL),
    (372, 1, 'Y', 1, 4, 'SUMATERA 3', 372, 12, 'Y', 12, NULL),
    (372, 1, 'Y', 1, 4, 'SUMATERA 3', 373, 12, '', NULL, NULL),
    (372, 1, 'Y', 1, 5, 'SUMATERA 3', 371, 12, '', NULL, NULL),
    (372, 1, 'Y', 1, 5, 'SUMATERA 3', 372, 12, 'Y', 12, NULL),
    (372, 1, 'Y', 1, 5, 'SUMATERA 3', 373, 12, '', NULL, NULL),
    (372, 3, 'Y', 3, 10, 'SUMATERA 3', 373, 12, '', NULL, NULL),
    (372, 3, 'Y', 3, 10, 'SUMATERA 3', 371, 12, '', NULL, NULL),
    (372, 3, 'Y', 3, 10, 'SUMATERA 3', 372, 12, 'Y', 12, NULL),
    (372, 3, 'Y', 3, 15, 'SUMATERA 3', 373, 12, '', NULL, NULL),
    (372, 3, 'Y', 3, 15, 'SUMATERA 3', 371, 12, '', NULL, NULL),
    (372, 3, 'Y', 3, 15, 'SUMATERA 3', 372, 12, 'Y', 12, NULL),
    (372, 3, 'Y', 3, 4, 'SUMATERA 3', 371, 12, '', NULL, NULL),
    (372, 3, 'Y', 3, 4, 'SUMATERA 3', 372, 12, 'Y', 12, NULL),
    (372, 3, 'Y', 3, 4, 'SUMATERA 3', 373, 12, '', NULL, NULL),
    (372, 3, 'Y', 3, 5, 'SUMATERA 3', 371, 12, '', NULL, NULL),
    (372, 3, 'Y', 3, 5, 'SUMATERA 3', 372, 12, 'Y', 12, NULL),
    (372, 3, 'Y', 3, 5, 'SUMATERA 3', 373, 12, '', NULL, NULL),
    (372, 6, 'Y', 6, 10, 'SUMATERA 3', 373, 12, '', NULL, NULL),
    (372, 6, 'Y', 6, 10, 'SUMATERA 3', 371, 12, '', NULL, NULL),
    (372, 6, 'Y', 6, 10, 'SUMATERA 3', 372, 12, 'Y', 12, NULL),
    (372, 6, 'Y', 6, 15, 'SUMATERA 3', 373, 12, '', NULL, NULL),
    (372, 6, 'Y', 6, 15, 'SUMATERA 3', 371, 12, '', NULL, NULL),
    (372, 6, 'Y', 6, 15, 'SUMATERA 3', 372, 12, 'Y', 12, NULL),
    (372, 6, 'Y', 6, 4, 'SUMATERA 3', 371, 12, '', NULL, NULL),
    (372, 6, 'Y', 6, 4, 'SUMATERA 3', 372, 12, 'Y', 12, NULL),
    (372, 6, 'Y', 6, 4, 'SUMATERA 3', 373, 12, '', NULL, NULL),
    (372, 1, 'Y', 1, 10, 'KALIMANTAN', 373, 12, '', NULL, NULL),
    (372, 1, 'Y', 1, 10, 'KALIMANTAN', 371, 12, '', NULL, NULL),
    (372, 1, 'Y', 1, 10, 'KALIMANTAN', 372, 12, 'Y', 12, NULL),
    (372, 1, 'Y', 1, 15, 'KALIMANTAN', 373, 12, '', NULL, NULL),
    (372, 1, 'Y', 1, 15, 'KALIMANTAN', 371, 12, '', NULL, NULL),
    (372, 1, 'Y', 1, 15, 'KALIMANTAN', 372, 12, 'Y', 12, NULL),
    (372, 1, 'Y', 1, 1, 'KALIMANTAN', 371, 3, '', NULL, NULL),
    (372, 1, 'Y', 1, 1, 'KALIMANTAN', 372, 3, 'Y', 3, NULL),
    (372, 1, 'Y', 1, 1, 'KALIMANTAN', 373, 12, '', NULL, NULL),
    (372, 1, 'Y', 1, 2, 'KALIMANTAN', 371, 3, '', NULL, NULL),
    (372, 1, 'Y', 1, 2, 'KALIMANTAN', 372, 3, 'Y', 3, NULL),
    (372, 1, 'Y', 1, 2, 'KALIMANTAN', 373, 12, '', NULL, NULL),
    (372, 1, 'Y', 1, 3, 'KALIMANTAN', 371, 3, '', NULL, NULL),
    (372, 1, 'Y', 1, 3, 'KALIMANTAN', 372, 3, 'Y', 3, NULL),
    (372, 1, 'Y', 1, 3, 'KALIMANTAN', 373, 12, '', NULL, NULL),
    (372, 1, 'Y', 1, 4, 'KALIMANTAN', 371, 12, '', NULL, NULL),
    (372, 1, 'Y', 1, 4, 'KALIMANTAN', 372, 12, 'Y', 12, NULL),
    (372, 1, 'Y', 1, 4, 'KALIMANTAN', 373, 12, '', NULL, NULL),
    (372, 1, 'Y', 1, 5, 'KALIMANTAN', 371, 12, '', NULL, NULL),
    (372, 1, 'Y', 1, 5, 'KALIMANTAN', 372, 12, 'Y', 12, NULL),
    (372, 1, 'Y', 1, 5, 'KALIMANTAN', 373, 12, '', NULL, NULL),
    (372, 3, 'Y', 3, 10, 'KALIMANTAN', 373, 12, '', NULL, NULL),
    (372, 3, 'Y', 3, 10, 'KALIMANTAN', 371, 12, '', NULL, NULL),
    (372, 3, 'Y', 3, 10, 'KALIMANTAN', 372, 12, 'Y', 12, NULL),
    (372, 3, 'Y', 3, 15, 'KALIMANTAN', 373, 12, '', NULL, NULL),
    (372, 3, 'Y', 3, 15, 'KALIMANTAN', 371, 12, '', NULL, NULL),
    (372, 3, 'Y', 3, 15, 'KALIMANTAN', 372, 12, 'Y', 12, NULL),
    (372, 3, 'Y', 3, 4, 'KALIMANTAN', 371, 12, '', NULL, NULL),
    (372, 3, 'Y', 3, 4, 'KALIMANTAN', 372, 12, 'Y', 12, NULL),
    (372, 3, 'Y', 3, 4, 'KALIMANTAN', 373, 12, '', NULL, NULL),
    (372, 3, 'Y', 3, 5, 'KALIMANTAN', 371, 12, '', NULL, NULL),
    (372, 3, 'Y', 3, 5, 'KALIMANTAN', 372, 12, 'Y', 12, NULL),
    (372, 3, 'Y', 3, 5, 'KALIMANTAN', 373, 12, '', NULL, NULL),
    (372, 6, 'Y', 6, 10, 'KALIMANTAN', 373, 12, '', NULL, NULL),
    (372, 6, 'Y', 6, 10, 'KALIMANTAN', 371, 12, '', NULL, NULL),
    (372, 6, 'Y', 6, 10, 'KALIMANTAN', 372, 12, 'Y', 12, NULL),
    (372, 6, 'Y', 6, 15, 'KALIMANTAN', 373, 12, '', NULL, NULL),
    (372, 6, 'Y', 6, 15, 'KALIMANTAN', 371, 12, '', NULL, NULL),
    (372, 6, 'Y', 6, 15, 'KALIMANTAN', 372, 12, 'Y', 12, NULL),
    (372, 6, 'Y', 6, 4, 'KALIMANTAN', 371, 12, '', NULL, NULL),
    (372, 6, 'Y', 6, 4, 'KALIMANTAN', 372, 12, 'Y', 12, NULL),
    (372, 6, 'Y', 6, 4, 'KALIMANTAN', 373, 12, '', NULL, NULL);
